Model,Mean Absolute Error,Root Mean Squared Error,R^2 Score
LinearRegression,3725.68,4651.76,0.48907155674503855
DecisionTreeRegressor,2345.64,3797.56,0.6594860937653899
RandomForestRegressor,1444.79,2817.88,0.8125130025666556
Ridge,3687.66,4631.2,0.49357810731853846
Lasso,3721.76,4647.61,0.48998336328729775
