Model,Mean Absolute Error,Root Mean Squared Error,R^2 Score
LinearRegression,3485.34,4371.01,0.5586940274193819
DecisionTreeRegressor,2367.3,3469.85,0.7219013596596584
RandomForestRegressor,1526.88,2741.24,0.8264319868391167
Ridge,3485.97,4374.6,0.5579683620117875
Lasso,3484.26,4371.9,0.558513533159241
