Model,Mean Absolute Error,Root Mean Squared Error,R^2 Score
LinearRegression,3639.59,4995.8,0.5022647836595071
DecisionTreeRegressor,2691.79,4140.79,0.6580567079222155
RandomForestRegressor,1588.27,3175.27,0.7989293517212428
Ridge,3637.09,4995.57,0.5023103255359438
Lasso,3639.21,4995.75,0.5022741427532593
