Model,Mean Absolute Error,Root Mean Squared Error,R^2 Score
LinearRegression,3636.41,4807.77,0.47370299747414957
DecisionTreeRegressor,2516.5,3785.83,0.6736635152125181
RandomForestRegressor,1681.87,3091.51,0.7823868774869543
Ridge,3631.55,4812.04,0.472766794541008
Lasso,3635.49,4820.98,0.4708052170239735
