Model,Mean Absolute Error,Root Mean Squared Error,R^2 Score
LinearRegression,3520.18,4613.03,0.48795043546964056
DecisionTreeRegressor,2564.56,3796.84,0.6531170501613824
RandomForestRegressor,1896.69,3275.59,0.7418219482571645
Ridge,3516.78,4611.84,0.4882157414230984
Lasso,3516.41,4616.76,0.48712281239222355
