Model,Mean Absolute Error,Root Mean Squared Error,R^2 Score
LinearRegression,3994.07,5361.73,0.4423591523399971
DecisionTreeRegressor,2484.37,3918.8,0.7021127783182903
RandomForestRegressor,1762.22,3582.26,0.7510807934598893
Ridge,3982.56,5360.68,0.4425773210295175
Lasso,3980.56,5357.41,0.44325742649544286
